{"cameraMode":{"drawMode":0,"name":"Shaded","section":"Shading Mode"},"sceneLighting":false,"audioPlay":false,"sceneViewState":{"showFog":true,"showMaterialUpdate":false,"showSkybox":true,"showFlares":true,"showImageEffects":true,"showParticleSystems":true},"in2DMode":false,"pivot":{"x":-0.7622160911560059,"y":1.2651654481887818,"z":-0.0919521376490593},"rotation":{"x":0.09315600991249085,"y":-0.8877189755439758,"z":0.2062714397907257,"w":0.40091025829315188},"size":13.909412384033204,"orthographic":false}